Beard Style,What It Does for a Round Face,Length Band,Mustache & Beard Line Placement,Sideburns or Neckline Pairing,Source URL,Scrape Date
Classic Goatee,Parks the visual weight on the chin while the cheeks stay bare so the eye travels down instead of sideways,Chin patch tight with the point carrying the length - cutmuse's round-face barber script puts chin growth at one inch,Modern form connects the mustache to the chin patch - the tip stays pointed because a rounded tip loses the elongating effect,No cheek growth - cheeks clean-shaven or very short,https://beardgains.com/blogs/learn/beard-styles-for-round-faces + https://thebeardclub.com/blogs/beard-culture/beard-styles-for-round-faces + https://hairsworld.com/beard-ideas-for-round-faces/ + https://blog.cutmuse.com/en/blog/beard-style-face-shape-men-2026,2026-09-13
Extended Goatee (Hollywoodian),Stretches the goatee along the jaw into a central column of hair that marks the lower jaw and slims the face without touching the cheeks,A step fuller than the classic goatee - just enough coverage to trace the jawline,Mustache connects through to the chin and out along the jaw - cheek lines stay crisp and tapered because flared cheek lines cancel the slimming,The jawline strip replaces sideburn mass - the strong pick when cheeks grow patchy,https://beardgains.com/blogs/learn/beard-styles-for-round-faces + https://thebeardclub.com/blogs/beard-culture/beard-styles-for-round-faces + https://hairsworld.com/beard-ideas-for-round-faces/ + https://themenstyles.com/beard-styles-for-round-faces/,2026-09-13
Anchor Beard,Traces the jawline and narrows into a pointed chin patch - the outline draws a sharper jaw onto a face that lacks one,Grown to a base length first then sculpted - grow / shave cheeks and neck / outline the anchor along the jaw / detail the mustache,A thin line connects the pointed chin patch to the lower lip with the mustache and a soul patch completing the anchor shape,Cheeks shaved clean around the outline - the sharp lines need a steady hand or a barber,https://gillette.com.au/en-au/perfect-shave/styling/beard-styles-for-round-faces + https://thebeardclub.com/blogs/beard-culture/beard-styles-for-round-faces + https://beardremover.com/en/blog/best-beard-for-round-face + https://hairsworld.com/beard-ideas-for-round-faces/,2026-09-13
Van Dyke,A pointed chin beard with a detached mustache - the point stretches the lower half of the face,Chin section pointed rather than rounded,The mustache and the chin beard are deliberately kept separate - the disconnect is the design,Cheeks completely clean - a small amount of mustache wax keeps the two pieces tidy,https://beardgains.com/blogs/learn/beard-styles-for-round-faces + https://gillette.com.au/en-au/perfect-shave/styling/beard-styles-for-round-faces + https://thebeardclub.com/blogs/beard-culture/beard-styles-for-round-faces + https://hairsworld.com/beard-ideas-for-round-faces/ + https://themenstyles.com/beard-styles-for-round-faces/,2026-09-13
Balbo,Three disconnected pieces - floating mustache / soul patch / chin beard - stack the structure at the centre of the face,Chin section slightly fuller than the Van Dyke's,An angled shave along the cheekbones completes the shape - the mustache floats free of the chin patch,No sideburns - clean cheeks let the chin carry the visual weight,https://beardgains.com/blogs/learn/beard-styles-for-round-faces + https://gillette.com.au/en-au/perfect-shave/styling/beard-styles-for-round-faces + https://thebeardclub.com/blogs/beard-culture/beard-styles-for-round-faces + https://hairsworld.com/beard-ideas-for-round-faces/,2026-09-13
Short Boxed Beard,Squares off the jaw corners while the chin stays longer than the sides pulling the face downward instead of outward,3-6 mm on the cheeks with 8-25 mm at the chin (beardguru) / about a quarter to half an inch all around (cutmuse),Cheek lines low and straight tapering toward the chin for a V-effect - the jaw corners are squared never rounded,Sideburns short and compressed because puffy sideburns push the face outward - blending into the tapered sides,https://gillette.com.au/en-au/perfect-shave/styling/beard-styles-for-round-faces + https://thebeardclub.com/blogs/beard-culture/beard-styles-for-round-faces + https://beardbeasts.com/blogs/news/beard-styles-for-a-round-face + https://blog.cutmuse.com/en/blog/beard-style-face-shape-men-2026 + https://beardguru.com.au/blogs/beard-blog/beard-cuts-that-flatter-a-round-face,2026-09-13
Ducktail,A full beard kept shorter on the sides tapering to a point below the chin - vertical length without giving up full coverage,Two bands - a short ducktail that stays cleaner and office-friendly or a longer ducktail that leans rugged and dramatic,A neat shaped mustache - the sides stay close to the skin so no width lands at the cheeks,Sides trimmed tidy - needs thick beard hair to hold the point cleanly,https://beardgains.com/blogs/learn/beard-styles-for-round-faces + https://gillette.com.au/en-au/perfect-shave/styling/beard-styles-for-round-faces + https://thebeardclub.com/blogs/beard-culture/beard-styles-for-round-faces + https://hairsworld.com/beard-ideas-for-round-faces/,2026-09-13
Heavy Stubble with Shaped Lines,Shadow and texture slim the cheeks with the least commitment - but only while the lines stay crisp,1-3 mm for even five o'clock shadow (beardgains / cutmuse) / 3-5 mm (gentinspire) / 5-7 mm for the heavy version (hairsworld),The chin area sits slightly longer than the cheeks for vertical contrast - the guides split on the cheek line itself (beardbeasts high and sharp / hairsworld low along the jaw),Sideburns faded into the stubble rather than left thick - refreshing the fade every few days holds the shape,https://beardgains.com/blogs/learn/beard-styles-for-round-faces + https://beardbeasts.com/blogs/news/beard-styles-for-a-round-face + https://hairsworld.com/beard-ideas-for-round-faces/ + https://blog.cutmuse.com/en/blog/beard-style-face-shape-men-2026 + https://thebeardclub.com/blogs/beard-culture/beard-styles-for-round-faces + https://gentinspire.com/beard-styles-for-round-face/,2026-09-13
Full Beard with Tapered Sides,The one full-beard form the round-face guides endorse - length below the jaw with the sides tapered tight so the width never lands at the cheeks,25-50 mm (beardguru) / trimmed to 1-1.5 inches with the chin kept under 2 inches (cutmuse),The cheek line follows where the beard naturally thins - a hard geometric line carved above it reads drawn-on,A tapered fade runs from the sideburns into the beard rather than a hard block and the sideburns are trimmed to avoid puffiness,https://beardgains.com/blogs/learn/beard-styles-for-round-faces + https://thebeardclub.com/blogs/beard-culture/beard-styles-for-round-faces + https://hairsworld.com/beard-ideas-for-round-faces/ + https://blog.cutmuse.com/en/blog/beard-style-face-shape-men-2026 + https://beardguru.com.au/blogs/beard-blog/beard-cuts-that-flatter-a-round-face,2026-09-13
