Style,What It Does for a Fuller Face,Length Band,Layering & Where the Cut Starts,Fringe & Sideburn Pairing,Source URL,Scrape Date
Long Layered Cut with Face-Framing Pieces,Layers set up a downward path for the eye so it travels vertically instead of around the cheek curve; framing pieces interrupt the smooth round silhouette,Collarbone or longer with the framing pieces landing past the jawline,Soft layers starting below the chin (eachinstyle.com) - disputed: abodemom.com asks for face-framing layers starting at the cheekbone; both positions stated,Curtain bangs opening at the centre and sweeping along the cheekbones or side bangs running the eye diagonally; centre or soft off-centre part,https://eachinstyle.com/25-best-haircuts-for-chubby-faces/ + https://abodemom.com/haircuts-hairstyles/12-best-haircuts-for-chubby-faces-2026/ + https://hairnudge.com/15-stylish-hairstyles-for-chubby-faces-that-instantly-slim-your-look/ + https://faxhionvibe.com/layered-haircuts-for-chubby-faces/,2026-09-14
Lob Below the Chin,Length below the chin gives the lower face a longer read; cut too short the same shape hits the cheeks and reads wider; choppy ends break the curve,Just below the chin through collarbone-grazing,Subtle layers for body with hidden undercut layers reducing jawline bulk while visible length stays intact; trims every 6-8 weeks (trendcottage.com) or 8-10 weeks for face-framing-layer bobs and lobs (hairaide.com),Curtain bangs to open the centre line; or a deep side part letting one side fall forward to partially veil the cheek,https://abodemom.com/haircuts-hairstyles/12-best-haircuts-for-chubby-faces-2026/ + https://eachinstyle.com/25-best-haircuts-for-chubby-faces/ + https://trendcottage.com/hairstyles-for-chubby-face/ + https://hairaide.com/chubby-face-haircuts-women-over-40/ + https://faxhionvibe.com/layered-haircuts-for-chubby-faces/,2026-09-14
High-Volume Pixie with Tapered Sides,Lift concentrated at the crown reads as vertical height against the width; sides kept close stop the cut from widening the face,Sides tapered close to the head; top left substantially longer with visible volume,Texturizing scissors remove heaviness and build movement through the top; the layered crown suits fine hair because the lift reads as fullness the hair does not have; 4-6 week upkeep band,Side-swept sections draw the eye to the eyes and cheekbones while the taper keeps the silhouette narrow; a deep side part adds the diagonal without any fringe,https://abodemom.com/haircuts-hairstyles/12-best-haircuts-for-chubby-faces-2026/ + https://stylescrave.com/pixie-hairstyles-for-chubby-faces/ + https://eachinstyle.com/25-best-haircuts-for-chubby-faces/ + https://tattoowishlist.com/chubby-face-long-pixie-cut/ + https://hairaide.com/chubby-face-haircuts-women-over-40/,2026-09-14
Long Pixie / Bixie with Extended Front,Front pieces at or past the jaw give the frame a vertical path past the widest point of the face; on a thinning crown the swept-over top adds the illusion of volume - the pixie direction for fine or thinning hair,Front at jaw level or deliberately extended past the chin; sides grazing the chin in the sleek version,Point-cut ends so the bottom line never reads blunt; framing pieces start at the cheekbone and graduate down; bixie combines a stacked graduated back with the jaw-length front; upkeep every 4-6 weeks,Long side-swept bangs from a deep part kept from separating with a dab of pomade; or point-cut curtain bangs; texture cream pressed through piece-y bangs,https://tattoowishlist.com/chubby-face-long-pixie-cut/ + https://hairaide.com/chubby-face-haircuts-women-over-40/ + https://faxhionvibe.com/layered-haircuts-for-chubby-faces/ + https://abodemom.com/haircuts-hairstyles/12-best-haircuts-for-chubby-faces-2026/,2026-09-14
Textured Shag with Crown Volume,Layers lighten the hair and crown height elongates the profile; textured ends prevent bulk at the sides; on curls the uneven layers break the symmetry a fuller face presents as width,Medium lengths in shoulder territory; the shaggy lob version keeps length past the chin,Razored jagged layers through the length with volume placed at the roots; wispy ends taper the face inward; suits fine hair because it manufactures motion; air-dry with texturizing spray,Wispy curtain bangs or a soft fringe added without shortening the face; curtain fringe standard on the shag build,https://eachinstyle.com/25-best-haircuts-for-chubby-faces/ + https://hairaide.com/chubby-face-haircuts-women-over-40/ + https://faxhionvibe.com/layered-haircuts-for-chubby-faces/ + https://abodemom.com/haircuts-hairstyles/12-best-haircuts-for-chubby-faces-2026/ + https://hairnudge.com/15-stylish-hairstyles-for-chubby-faces-that-instantly-slim-your-look/,2026-09-14
Butterfly Cut,Short layers at the crown lengthening into longer tiers build a contoured shape around the face; the wispy see-through fringe and face-framing pieces pull the eye inward,Long - the length is maintained through the ends which keeps the vertical lines running,Disputed start point both stated: 5minutesready.com puts the bottleneck layers starting at the cheekbones; faxhionvibe.com asks for feathery point-cut layers starting at chin length and growing longer toward the back,Wispy see-through fringe; the layered build works on fine hair because the crown layers add lift while the ends stay light,https://5minutesready.com/flattering-haircuts-for-chubby-faces-elevating-your-look-with-intentional-style/ + https://faxhionvibe.com/layered-haircuts-for-chubby-faces/ + https://www.lovelyish.com/20-hairstyles-for-chubby-faces/,2026-09-14
Wolf Cut for Fuller Faces,Volume concentrated at the top pulls attention up and away from the width of the cheeks; choppy crown layers blended into longer textured lengths underneath,Choppy layers at the crown with longer textured lengths underneath,Modified for a fuller face with face-framing pieces that hit at the jawline to define angles; tapered ends and framing layers do the narrowing work together,Face-framing pieces standard; sea salt spray brings out the natural texture; minimal styling time is part of this cut's pitch,https://www.lovelyish.com/20-hairstyles-for-chubby-faces/ + https://faxhionvibe.com/layered-haircuts-for-chubby-faces/,2026-09-14
Asymmetrical / Graduated Angled Bob,The diagonal perimeter runs past the fullest part of the cheeks toward the chin; one side visibly longer breaks the symmetry a fuller face reads as width,Longer in the front; shorter and graduated toward the back; the dramatic version puts one side at chin length and the other at jaw length with a hidden undercut beneath the shorter side,At least two inches of length difference between front and back for the graduation to read clearly; razored or point-cut ends keep the perimeter from landing as one heavy line,Side-swept bangs add a second diagonal and soften the cheek line; peekaboo bangs swept across one eye push the asymmetry further; a full fringe would fight the asymmetry so fringe is optional,https://hairaide.com/chubby-face-haircuts-women-over-40/ + https://abodemom.com/haircuts-hairstyles/12-best-haircuts-for-chubby-faces-2026/ + https://www.lovelyish.com/20-hairstyles-for-chubby-faces/ + https://eachinstyle.com/25-best-haircuts-for-chubby-faces/ + https://tattoowishlist.com/chubby-face-long-pixie-cut/,2026-09-14
Blunt One-Length Bob (the disputed row),The guides split three ways: hairaide.com files it as workable when the hemline lands exactly at the narrowest point of the jaw; abodemom.com and 5minutesready.com file it under caution as widening at chin level; lovelyish.com takes the middle position - blunt ends work just below the chin with curtain bangs,At the jaw (hairaide.com) versus just below the chin (lovelyish.com) - the dispute is the length band itself,None by definition: zero graduation is the build; precision is the whole product with a fresh trim every 6 weeks and even a half-inch of fringe growth changing the framing,The fringe dispute rides along: hairaide.com's French-bob build pairs the blunt line with a full eyebrow-skimming fringe as a deliberate two-line strategy while the same page's FAQ plus abodemom.com and 5minutesready.com hold that a full fringe only widens when cut blunt straight across,https://hairaide.com/chubby-face-haircuts-women-over-40/ + https://abodemom.com/haircuts-hairstyles/12-best-haircuts-for-chubby-faces-2026/ + https://5minutesready.com/flattering-haircuts-for-chubby-faces-elevating-your-look-with-intentional-style/ + https://www.lovelyish.com/20-hairstyles-for-chubby-faces/,2026-09-14
